Frame Number,Time Stamp (ms),Buffer Index
0,-21,0
1,48,0
2,113,0
3,181,0
4,248,0
5,316,0
6,383,0
7,449,0
8,518,0
9,585,0
10,652,0
11,720,0
12,787,0
13,854,0
14,921,0
15,989,0
16,1057,0
17,1125,0
18,1194,0
19,1258,0
20,1326,0
21,1393,0
22,1460,0
23,1527,0
24,1594,0
25,1661,0
26,1729,0
27,1796,0
28,1863,0
29,1931,0
30,1998,0
31,2066,0
32,2133,0
33,2201,0
34,2268,0
35,2335,0
36,2403,0
37,2469,0
38,2537,0
39,2605,0
40,2671,0
41,2739,0
42,2806,0
43,2873,0
44,2940,0
45,3008,0
46,3076,0
47,3142,0
48,3210,0
49,3277,0
50,3344,0
51,3411,0
52,3478,0
53,3546,0
54,3613,0
55,3681,0
56,3749,0
57,3816,0
58,3882,0
59,3950,0
60,4018,0
61,4085,0
62,4152,0
63,4219,0
64,4286,0
65,4354,0
66,4422,0
67,4489,0
68,4556,0
69,4623,0
70,4690,0
71,4757,0
72,4825,0
73,4893,0
74,4960,0
75,5027,0
76,5095,0
77,5162,0
78,5228,0
79,5296,0
80,5364,0
81,5431,0
82,5499,0
83,5566,0
84,5632,0
85,5700,0
86,5767,0
87,5834,0
88,5902,0
89,5969,0
90,6037,0
91,6104,0
92,6171,0
93,6239,0
94,6306,0
95,6373,0
96,6440,0
97,6508,0
98,6575,0
99,6642,0
100,6711,0
101,6777,0
102,6845,0
103,6912,0
104,6979,0
105,7047,0
106,7114,0
107,7181,0
108,7249,0
109,7316,0
110,7383,0
111,7451,0
112,7518,0
113,7585,0
114,7653,0
115,7719,0
116,7786,0
117,7854,0
118,7922,0
119,7989,0
120,8056,0
121,8123,0
122,8191,0
123,8258,0
124,8326,0
125,8393,0
126,8460,0
127,8527,0
128,8595,0
129,8662,0
130,8730,0
131,8796,0
132,8863,0
133,8931,0
134,8998,0
135,9066,0
136,9133,0
137,9200,0
138,9268,0
139,9335,0
140,9402,0
141,9470,0
142,9538,0
143,9604,0
144,9672,0
145,9738,0
146,9806,0
147,9874,0
148,9941,0
149,10008,0
150,10075,0
151,10142,0
152,10210,0
153,10277,0
154,10345,0
155,10412,0
156,10479,0
157,10546,0
158,10613,0
159,10681,0
160,10748,0
161,10816,0
162,10883,0
163,10951,0
164,11017,0
165,11085,0
166,11152,0
167,11219,0
168,11287,0
169,11354,0
170,11422,0
171,11489,0
172,11556,0
173,11624,0
174,11691,0
175,11759,0
176,11826,0
177,11893,0
178,11960,0
179,12027,0
180,12094,0
181,12162,0
182,12228,0
183,12296,0
184,12363,0
185,12431,0
186,12498,0
187,12566,0
188,12633,0
189,12699,0
190,12767,0
191,12834,0
192,12903,0
193,12969,0
194,13037,0
195,13104,0
196,13172,0
197,13239,0
198,13306,0
199,13374,0
200,13441,0
201,13508,0
202,13575,0
203,13643,0
204,13710,0
205,13777,0
206,13845,0
207,13912,0
208,13979,0
209,14047,0
210,14113,0
211,14181,0
212,14249,0
213,14315,0
214,14383,0
215,14451,0
216,14518,0
217,14585,0
218,14652,0
219,14720,0
220,14786,0
221,14854,0
222,14921,0
223,14989,0
224,15056,0
225,15123,0
226,15190,0
227,15258,0
228,15325,0
229,15392,0
230,15460,0
231,15527,0
232,15595,0
233,15662,0
234,15729,0
235,15797,0
236,15864,0
237,15931,0
238,15998,0
239,16066,0
240,16133,0
241,16200,0
242,16268,0
243,16335,0
244,16403,0
245,16470,0
246,16537,0
247,16605,0
248,16672,0
249,16739,0
250,16806,0
251,16873,0
252,16940,0
253,17008,0
254,17075,0
255,17142,0
256,17210,0
257,17278,0
258,17345,0
259,17412,0
260,17480,0
261,17547,0
262,17614,0
263,17681,0
264,17748,0
265,17816,0
266,17883,0
267,17950,0
268,18018,0
269,18085,0
270,18153,0
271,18220,0
272,18287,0
273,18354,0
274,18422,0
275,18489,0
276,18556,0
277,18624,0
278,18691,0
279,18758,0
280,18825,0
281,18893,0
282,18960,0
283,19027,0
284,19095,0
285,19162,0
286,19229,0
287,19297,0
288,19363,0
289,19431,0
290,19498,0
291,19566,0
292,19633,0
293,19701,0
294,19768,0
295,19835,0
296,19903,0
297,19970,0
298,20037,0
299,20104,0
300,20172,0
301,20239,0
302,20306,0
303,20374,0
304,20441,0
305,20509,0
306,20576,0
307,20643,0
308,20711,0
309,20778,0
310,20846,0
311,20912,0
312,20979,0
313,21047,0
314,21114,0
315,21182,0
316,21248,0
317,21315,0
318,21383,0
319,21451,0
320,21518,0
321,21585,0
322,21652,0
323,21719,0
324,21787,0
325,21854,0
326,21922,0
327,21988,0
328,22056,0
329,22124,0
330,22191,0
331,22258,0
332,22325,0
333,22393,0
334,22460,0
335,22527,0
336,22594,0
337,22663,0
338,22730,0
339,22797,0
340,22864,0
341,22931,0
342,22999,0
343,23066,0
344,23133,0
345,23200,0
346,23268,0
347,23335,0
348,23402,0
349,23470,0
350,23537,0
351,23605,0
352,23672,0
353,23739,0
354,23806,0
355,23874,0
356,23941,0
357,24009,0
358,24075,0
359,24143,0
360,24210,0
361,24278,0
362,24345,0
363,24412,0
364,24479,0
365,24547,0
366,24614,0
367,24682,0
368,24749,0
369,24817,0
370,24883,0
371,24951,0
372,25018,0
373,25086,0
374,25153,0
375,25221,0
376,25286,0
377,25355,0
378,25421,0
379,25489,0
380,25556,0
381,25624,0
382,25691,0
383,25758,0
384,25825,0
385,25893,0
386,25960,0
387,26028,0
388,26095,0
389,26162,0
390,26229,0
391,26297,0
392,26364,0
393,26431,0
394,26498,0
395,26566,0
396,26634,0
397,26701,0
398,26768,0
399,26836,0
400,26902,0
401,26969,0
402,27037,0
403,27105,0
404,27172,0
405,27239,0
406,27307,0
407,27374,0
408,27441,0
409,27508,0
410,27576,0
411,27643,0
412,27710,0
413,27777,0
414,27845,0
415,27912,0
416,27979,0
417,28047,0
418,28115,0
419,28181,0
420,28249,0
421,28316,0
422,28383,0
423,28450,0
424,28518,0
425,28585,0
426,28653,0
427,28720,0
428,28787,0
429,28855,0
430,28922,0
431,28990,0
432,29057,0
433,29124,0
434,29191,0
435,29259,0
436,29326,0
437,29393,0
438,29460,0
439,29528,0
440,29595,0
441,29662,0
442,29729,0
443,29797,0
444,29864,0
445,29932,0
446,29999,0
447,30066,0
448,30134,0
449,30200,0
450,30267,0
451,30336,0
452,30403,0
453,30469,0
454,30537,0
455,30604,0
456,30672,0
457,30739,0
458,30807,0
459,30874,0
460,30941,0
461,31008,0
462,31076,0
463,31143,0
464,31211,0
465,31277,0
466,31345,0
467,31412,0
468,31480,0
469,31547,0
470,31614,0
471,31681,0
472,31749,0
473,31817,0
474,31884,0
475,31950,0
476,32018,0
477,32085,0
478,32152,0
479,32220,0
480,32287,0
481,32355,0
482,32422,0
483,32489,0
484,32556,0
485,32624,0
486,32692,0
487,32758,0
488,32826,0
489,32893,0
490,32960,0
491,33027,0
492,33095,0
493,33162,0
494,33230,0
495,33297,0
496,33365,0
497,33432,0
498,33499,0
499,33566,0
500,33634,0
501,33701,0
502,33768,0
503,33836,0
504,33903,0
505,33970,0
506,34037,0
507,34105,0
508,34172,0
509,34239,0
510,34307,0
511,34374,0
512,34442,0
513,34508,0
514,34576,0
515,34643,0
516,34711,0
517,34778,0
518,34845,0
519,34912,0
520,34979,0
521,35047,0
522,35114,0
523,35181,0
524,35248,0
525,35316,0
526,35384,0
527,35451,0
528,35519,0
529,35586,0
530,35652,0
531,35720,0
532,35787,0
533,35855,0
534,35922,0
535,35989,0
536,36057,0
537,36124,0
538,36192,0
539,36259,0
540,36325,0
541,36393,0
542,36461,0
543,36528,0
544,36595,0
545,36663,0
546,36730,0
547,36797,0
548,36865,0
549,36932,0
550,36999,0
551,37066,0
552,37134,0
553,37201,0
554,37269,0
555,37335,0
556,37403,0
557,37470,0
558,37538,0
559,37605,0
560,37672,0
561,37740,0
562,37807,0
563,37874,0
564,37942,0
565,38009,0
566,38076,0
567,38143,0
568,38211,0
569,38279,0
570,38345,0
571,38413,0
572,38480,0
573,38548,0
574,38615,0
575,38681,0
576,38749,0
577,38817,0
578,38884,0
579,38951,0
580,39018,0
581,39085,0
582,39152,0
583,39220,0
584,39287,0
585,39354,0
586,39422,0
587,39490,0
588,39556,0
589,39624,0
590,39691,0
591,39758,0
592,39826,0
593,39893,0
594,39960,0
595,40028,0
596,40095,0
597,40162,0
598,40230,0
599,40297,0
600,40364,0
601,40432,0
602,40499,0
603,40566,0
604,40634,0
605,40701,0
606,40768,0
607,40836,0
608,40902,0
609,40970,0
610,41037,0
611,41105,0
612,41173,0
613,41239,0
614,41307,0
615,41374,0
616,41442,0
617,41509,0
618,41576,0
619,41643,0
620,41710,0
621,41777,0
622,41845,0
623,41913,0
624,41980,0
625,42048,0
626,42115,0
627,42182,0
628,42250,0
629,42317,0
630,42384,0
631,42451,0
632,42519,0
633,42585,0
634,42653,0
635,42720,0
636,42787,0
637,42855,0
638,42922,0
639,42990,0
640,43057,0
641,43124,0
642,43192,0
643,43259,0
644,43327,0
645,43394,0
646,43460,0
647,43528,0
648,43595,0
649,43662,0
650,43730,0
651,43797,0
652,43865,0
653,43932,0
654,43999,0
655,44067,0
656,44134,0
657,44201,0
658,44269,0
659,44336,0
660,44403,0
661,44471,0
662,44537,0
663,44605,0
664,44672,0
665,44740,0
666,44807,0
667,44874,0
668,44942,0
669,45008,0
670,45076,0
671,45144,0
672,45210,0
673,45278,0
674,45345,0
675,45413,0
676,45480,0
677,45547,0
678,45615,0
679,45682,0
680,45749,0
681,45817,0
682,45884,0
683,45951,0
684,46019,0
685,46085,0
686,46153,0
687,46221,0
688,46287,0
689,46355,0
690,46423,0
691,46490,0
692,46557,0
693,46624,0
694,46691,0
695,46759,0
696,46826,0
697,46893,0
698,46961,0
699,47028,0
700,47096,0
701,47163,0
702,47230,0
703,47298,0
704,47365,0
705,47432,0
706,47499,0
707,47567,0
708,47635,0
709,47700,0
710,47768,0
711,47837,0
712,47904,0
713,47970,0
714,48037,0
715,48105,0
716,48173,0
717,48240,0
718,48306,0
719,48374,0
720,48441,0
721,48509,0
722,48577,0
723,48644,0
724,48711,0
725,48778,0
726,48846,0
727,48913,0
728,48980,0
729,49047,0
730,49115,0
731,49182,0
732,49249,0
733,49317,0
734,49383,0
735,49451,0
736,49518,0
737,49586,0
738,49653,0
739,49721,0
740,49787,0
741,49855,0
742,49922,0
743,49990,0
744,50057,0
745,50124,0
746,50191,0
747,50258,0
748,50326,0
749,50393,0
750,50460,0
751,50528,0
752,50595,0
753,50663,0
754,50730,0
755,50797,0
756,50864,0
757,50932,0
758,51000,0
759,51067,0
760,51134,0
761,51201,0
762,51269,0
763,51335,0
764,51403,0
765,51471,0
766,51538,0
767,51606,0
768,51673,0
769,51740,0
770,51808,0
771,51875,0
772,51942,0
773,52010,0
774,52077,0
775,52144,0
776,52211,0
777,52278,0
778,52345,0
779,52413,0
780,52480,0
781,52547,0
782,52615,0
783,52682,0
784,52750,0
785,52816,0
786,52884,0
787,52951,0
788,53019,0
789,53086,0
790,53154,0
791,53221,0
792,53287,0
793,53355,0
794,53422,0
795,53489,0
796,53557,0
797,53624,0
798,53692,0
799,53759,0
800,53826,0
801,53894,0
802,53961,0
803,54028,0
804,54096,0
805,54163,0
806,54230,0
807,54297,0
808,54365,0
809,54432,0
810,54499,0
811,54566,0
812,54634,0
813,54701,0
814,54769,0
815,54836,0
816,54903,0
817,54971,0
818,55038,0
819,55105,0
820,55172,0
821,55240,0
822,55307,0
823,55374,0
824,55442,0
825,55509,0
826,55576,0
827,55644,0
828,55711,0
829,55780,0
830,55846,0
831,55913,0
832,55980,0
833,56048,0
834,56115,0
835,56182,0
836,56250,0
837,56317,0
838,56385,0
839,56452,0
840,56519,0
841,56586,0
842,56654,0
843,56720,0
844,56788,0
845,56855,0
846,56922,0
847,56990,0
848,57057,0
849,57124,0
850,57191,0
851,57259,0
852,57326,0
853,57393,0
854,57460,0
855,57528,0
856,57596,0
857,57663,0
858,57730,0
859,57797,0
860,57865,0
861,57933,0
862,57999,0
863,58066,0
864,58134,0
865,58202,0
866,58269,0
867,58336,0
868,58403,0
869,58470,0
870,58538,0
871,58604,0
872,58672,0
873,58740,0
874,58807,0
875,58874,0
876,58942,0
877,59009,0
878,59076,0
879,59144,0
880,59211,0
881,59278,0
882,59345,0
883,59413,0
884,59480,0
885,59547,0
886,59614,0
887,59683,0
888,59750,0
889,59816,0
890,59885,0
891,59952,0
892,60019,0
893,60086,0
894,60154,0
895,60220,0
896,60288,0
897,60355,0
898,60423,0
899,60490,0
900,60557,0
901,60625,0
902,60692,0
903,60760,0
904,60827,0
905,60895,0
906,60961,0
907,61029,0
908,61096,0
909,61163,0
910,61230,0
911,61298,0
912,61364,0
913,61432,0
914,61499,0
915,61567,0
916,61633,0
917,61701,0
918,61769,0
919,61836,0
920,61904,0
921,61971,0
922,62038,0
923,62106,0
924,62173,0
925,62240,0
926,62307,0
927,62374,0
928,62442,0
929,62509,0
930,62576,0
931,62644,0
932,62711,0
933,62778,0
934,62846,0
935,62913,0
936,62981,0
937,63048,0
938,63115,0
939,63182,0
940,63250,0
941,63317,0
942,63384,0
943,63451,0
944,63519,0
945,63586,0
946,63653,0
947,63720,0
948,63788,0
949,63855,0
950,63923,0
951,63990,0
952,64057,0
953,64124,0
954,64192,0
955,64260,0
956,64327,0
957,64393,0
958,64461,0
959,64528,0
960,64596,0
961,64663,0
962,64731,0
963,64799,0
964,64866,0
965,64933,0
966,65000,0
967,65067,0
968,65134,0
969,65202,0
970,65269,0
971,65337,0
972,65404,0
973,65471,0
974,65538,0
975,65606,0
976,65673,0
977,65739,0
978,65807,0
979,65874,0
980,65942,0
981,66010,0
982,66077,0
983,66144,0
984,66211,0
985,66278,0
986,66345,0
987,66413,0
988,66480,0
989,66548,0
990,66615,0
991,66682,0
992,66749,0
993,66817,0
994,66885,0
995,66952,0
996,67019,0
997,67086,0
998,67153,0
999,67221,0
1000,67288,0
1001,67355,0
1002,67422,0
1003,67490,0
1004,67557,0
1005,67625,0
1006,67692,0
1007,67759,0
1008,67827,0
1009,67894,0
1010,67961,0
1011,68029,0
1012,68096,0
1013,68163,0
1014,68230,0
1015,68298,0
1016,68365,0
1017,68432,0
1018,68499,0
1019,68566,0
1020,68635,0
1021,68702,0
1022,68769,0
1023,68836,0
1024,68904,0
1025,68971,0
1026,69038,0
1027,69105,0
1028,69173,0
1029,69240,0
1030,69307,0
1031,69375,0
1032,69442,0
1033,69509,0
1034,69577,0
1035,69644,0
1036,69712,0
1037,69779,0
1038,69847,0
1039,69914,0
1040,69980,0
1041,70048,0
1042,70116,0
1043,70183,0
1044,70250,0
1045,70317,0
1046,70384,0
1047,70451,0
1048,70519,0
1049,70586,0
1050,70653,0
1051,70721,0
1052,70788,0
1053,70856,0
1054,70922,0
1055,70991,0
1056,71058,0
1057,71125,0
1058,71192,0
1059,71259,0
1060,71326,0
1061,71393,0
1062,71461,0
1063,71528,0
1064,71596,0
1065,71663,0
1066,71730,0
1067,71798,0
1068,71865,0
1069,71932,0
1070,72000,0
1071,72068,0
1072,72135,0
1073,72202,0
1074,72270,0
1075,72336,0
1076,72403,0
1077,72470,0
1078,72539,0
1079,72605,0
1080,72673,0
1081,72740,0
1082,72807,0
1083,72875,0
1084,72942,0
1085,73009,0
1086,73077,0
1087,73144,0
1088,73212,0
1089,73279,0
1090,73346,0
1091,73413,0
1092,73481,0
1093,73549,0
1094,73616,0
1095,73683,0
1096,73750,0
1097,73818,0
1098,73885,0
1099,73952,0
1100,74020,0
1101,74086,0
1102,74154,0
1103,74221,0
1104,74288,0
1105,74356,0
1106,74423,0
1107,74490,0
1108,74557,0
1109,74625,0
1110,74692,0
1111,74759,0
1112,74826,0
1113,74894,0
1114,74961,0
1115,75028,0
1116,75095,0
1117,75163,0
1118,75230,0
1119,75298,0
1120,75365,0
1121,75433,0
1122,75500,0
1123,75567,0
1124,75635,0
1125,75702,0
1126,75769,0
1127,75836,0
1128,75903,0
1129,75971,0
1130,76039,0
1131,76105,0
1132,76173,0
1133,76240,0
1134,76308,0
1135,76375,0
1136,76442,0
1137,76510,0
1138,76576,0
1139,76644,0
1140,76711,0
1141,76779,0
1142,76846,0
1143,76914,0
1144,76981,0
1145,77048,0
1146,77115,0
1147,77183,0
1148,77250,0
1149,77318,0
1150,77384,0
1151,77452,0
1152,77519,0
1153,77586,0
1154,77654,0
1155,77721,0
1156,77789,0
1157,77856,0
1158,77924,0
1159,77991,0
1160,78057,0
1161,78125,0
1162,78193,0
1163,78259,0
1164,78327,0
1165,78395,0
1166,78462,0
1167,78529,0
1168,78597,0
1169,78665,0
1170,78731,0
1171,78799,0
1172,78866,0
1173,78933,0
1174,79000,0
1175,79067,0
1176,79134,0
1177,79202,0
1178,79269,0
1179,79336,0
1180,79403,0
1181,79470,0
1182,79538,0
1183,79606,0
1184,79673,0
1185,79740,0
1186,79807,0
1187,79874,0
1188,79942,0
1189,80010,0
1190,80077,0
1191,80144,0
1192,80211,0
1193,80279,0
1194,80346,0
1195,80414,0
1196,80480,0
1197,80548,0
1198,80615,0
1199,80683,0
1200,80750,0
1201,80818,0
1202,80884,0
1203,80952,0
1204,81019,0
1205,81086,0
1206,81153,0
1207,81221,0
1208,81288,0
1209,81356,0
1210,81423,0
1211,81490,0
1212,81558,0
1213,81626,0
1214,81693,0
1215,81760,0
1216,81827,0
1217,81894,0
1218,81961,0
1219,82029,0
1220,82096,0
1221,82164,0
1222,82231,0
1223,82299,0
1224,82366,0
1225,82433,0
1226,82501,0
1227,82568,0
1228,82635,0
1229,82702,0
1230,82769,0
1231,82837,0
1232,82904,0
1233,82972,0
1234,83038,0
1235,83106,0
1236,83173,0
1237,83241,0
1238,83308,0
1239,83375,0
1240,83442,0
1241,83510,0
1242,83577,0
1243,83644,0
1244,83711,0
1245,83779,0
1246,83846,0
1247,83913,0
1248,83981,0
1249,84048,0
1250,84115,0
1251,84183,0
1252,84251,0
1253,84317,0
1254,84385,0
1255,84452,0
1256,84520,0
1257,84587,0
1258,84654,0
1259,84721,0
1260,84788,0
1261,84856,0
1262,84923,0
1263,84991,0
1264,85058,0
1265,85125,0
1266,85193,0
1267,85260,0
1268,85327,0
1269,85395,0
1270,85462,0
1271,85529,0
1272,85596,0
1273,85664,0
1274,85730,0
1275,85798,0
1276,85866,0
1277,85932,0
1278,86000,0
1279,86067,0
1280,86135,0
1281,86202,0
1282,86269,0
1283,86337,0
1284,86404,0
1285,86471,0
1286,86538,0
1287,86606,0
1288,86673,0
1289,86740,0
1290,86808,0
1291,86875,0
1292,86943,0
1293,87010,0
1294,87077,0
1295,87145,0
1296,87212,0
1297,87279,0
1298,87347,0
1299,87414,0
1300,87481,0
1301,87548,0
1302,87615,0
1303,87683,0
1304,87751,0
1305,87818,0
1306,87885,0
1307,87952,0
1308,88019,0
1309,88087,0
1310,88154,0
1311,88222,0
1312,88288,0
1313,88356,0
1314,88423,0
1315,88490,0
1316,88558,0
1317,88625,0
1318,88693,0
1319,88759,0
1320,88828,0
1321,88895,0
1322,88961,0
1323,89029,0
1324,89096,0
1325,89163,0
1326,89231,0
1327,89298,0
1328,89366,0
1329,89433,0
1330,89500,0
1331,89568,0
1332,89635,0
1333,89702,0
1334,89770,0
1335,89837,0
1336,89904,0
1337,89971,0
1338,90038,0
1339,90106,0
1340,90173,0
1341,90241,0
1342,90308,0
1343,90376,0
1344,90442,0
1345,90510,0
1346,90577,0
1347,90645,0
1348,90712,0
1349,90779,0
1350,90846,0
1351,90914,0
1352,90981,0
1353,91049,0
1354,91116,0
1355,91183,0
1356,91251,0
1357,91319,0
1358,91386,0
1359,91453,0
1360,91520,0
1361,91586,0
1362,91654,0
1363,91722,0
1364,91789,0
1365,91856,0
1366,91924,0
1367,91990,0
1368,92058,0
1369,92125,0
1370,92193,0
1371,92260,0
1372,92327,0
1373,92395,0
1374,92462,0
1375,92529,0
1376,92596,0
1377,92663,0
1378,92731,0
1379,92799,0
1380,92866,0
1381,92933,0
1382,93000,0
1383,93068,0
1384,93135,0
1385,93203,0
1386,93269,0
1387,93337,0
1388,93404,0
1389,93472,0
1390,93539,0
1391,93606,0
1392,93674,0
1393,93741,0
1394,93808,0
1395,93876,0
1396,93943,0
1397,94010,0
1398,94077,0
1399,94144,0
1400,94212,0
1401,94279,0
1402,94346,0
1403,94414,0
1404,94481,0
1405,94549,0
1406,94616,0
1407,94683,0
1408,94751,0
1409,94817,0
1410,94885,0
1411,94952,0
1412,95020,0
1413,95087,0
1414,95154,0
1415,95221,0
1416,95289,0
1417,95356,0
1418,95424,0
1419,95491,0
1420,95558,0
1421,95626,0
1422,95693,0
1423,95760,0
1424,95828,0
1425,95894,0
1426,95962,0
1427,96029,0
1428,96096,0
1429,96164,0
1430,96232,0
1431,96299,0
1432,96366,0
1433,96433,0
1434,96501,0
1435,96568,0
1436,96635,0
1437,96703,0
1438,96770,0
1439,96837,0
1440,96904,0
1441,96971,0
1442,97039,0
1443,97105,0
1444,97173,0
1445,97240,0
1446,97307,0
1447,97375,0
1448,97443,0
1449,97510,0
1450,97578,0
1451,97645,0
1452,97712,0
1453,97780,0
1454,97846,0
1455,97914,0
1456,97982,0
1457,98049,0
1458,98116,0
1459,98184,0
1460,98250,0
1461,98318,0
1462,98385,0
1463,98452,0
1464,98520,0
1465,98587,0
1466,98654,0
1467,98721,0
1468,98789,0
1469,98857,0
1470,98923,0
1471,98991,0
1472,99058,0
1473,99125,0
1474,99192,0
1475,99260,0
1476,99327,0
1477,99395,0
1478,99463,0
1479,99529,0
1480,99597,0
1481,99663,0
1482,99731,0
1483,99798,0
1484,99866,0
1485,99933,0
1486,100001,0
1487,100068,0
1488,100135,0
1489,100203,0
1490,100270,0
1491,100337,0
1492,100404,0
1493,100472,0
1494,100539,0
1495,100606,0
1496,100674,0
1497,100741,0
1498,100809,0
1499,100876,0
1500,100943,0
1501,101011,0
1502,101077,0
1503,101145,0
1504,101212,0
1505,101279,0
1506,101347,0
1507,101414,0
1508,101482,0
1509,101548,0
1510,101616,0
1511,101682,0
1512,101750,0
1513,101818,0
1514,101885,0
1515,101953,0
1516,102019,0
1517,102087,0
1518,102155,0
1519,102221,0
1520,102289,0
1521,102356,0
1522,102423,0
1523,102491,0
1524,102558,0
1525,102626,0
1526,102692,0
1527,102761,0
1528,102827,0
1529,102894,0
1530,102962,0
1531,103029,0
1532,103097,0
1533,103164,0
1534,103232,0
1535,103298,0
1536,103367,0
1537,103433,0
1538,103500,0
1539,103568,0
1540,103636,0
1541,103702,0
1542,103770,0
1543,103837,0
1544,103905,0
1545,103972,0
1546,104039,0
1547,104107,0
1548,104173,0
1549,104241,0
1550,104309,0
1551,104376,0
1552,104443,0
1553,104510,0
1554,104578,0
1555,104645,0
1556,104713,0
1557,104780,0
1558,104847,0
1559,104914,0
1560,104981,0
1561,105049,0
1562,105116,0
1563,105183,0
1564,105251,0
1565,105318,0
1566,105386,0
1567,105453,0
1568,105520,0
1569,105587,0
1570,105655,0
1571,105722,0
1572,105789,0
1573,105856,0
1574,105923,0
1575,105991,0
1576,106059,0
1577,106125,0
1578,106193,0
1579,106260,0
1580,106327,0
1581,106395,0
1582,106462,0
1583,106530,0
1584,106597,0
1585,106664,0
1586,106731,0
1587,106798,0
1588,106866,0
1589,106934,0
1590,107000,0
1591,107068,0
1592,107136,0
1593,107203,0
1594,107269,0
1595,107337,0
1596,107405,0
1597,107472,0
1598,107539,0
1599,107607,0
1600,107675,0
1601,107741,0
1602,107808,0
1603,107876,0
1604,107943,0
1605,108010,0
1606,108078,0
1607,108145,0
1608,108213,0
1609,108280,0
1610,108346,0
1611,108414,0
1612,108482,0
1613,108548,0
1614,108616,0
1615,108684,0
1616,108750,0
1617,108818,0
1618,108885,0
1619,108952,0
1620,109020,0
1621,109087,0
1622,109155,0
1623,109222,0
1624,109290,0
1625,109357,0
1626,109424,0
1627,109491,0
1628,109559,0
1629,109626,0
1630,109693,0
1631,109761,0
1632,109829,0
1633,109895,0
1634,109963,0
1635,110031,0
1636,110097,0
1637,110164,0
1638,110232,0
1639,110299,0
1640,110366,0
1641,110433,0
1642,110500,0
1643,110568,0
1644,110636,0
1645,110703,0
1646,110770,0
1647,110837,0
1648,110904,0
1649,110972,0
1650,111039,0
1651,111106,0
1652,111173,0
1653,111241,0
1654,111308,0
1655,111376,0
1656,111443,0
1657,111510,0
1658,111578,0
1659,111646,0
1660,111712,0
1661,111780,0
1662,111847,0
1663,111914,0
1664,111981,0
1665,112048,0
1666,112116,0
1667,112184,0
1668,112251,0
1669,112318,0
1670,112385,0
1671,112453,0
1672,112520,0
1673,112587,0
1674,112655,0
1675,112722,0
1676,112789,0
1677,112856,0
1678,112924,0
1679,112991,0
1680,113059,0
1681,113126,0
1682,113193,0
1683,113260,0
1684,113329,0
1685,113395,0
1686,113462,0
1687,113530,0
1688,113597,0
1689,113665,0
1690,113732,0
1691,113799,0
1692,113866,0
1693,113933,0
1694,114001,0
1695,114068,0
1696,114135,0
1697,114203,0
1698,114271,0
1699,114338,0
1700,114405,0
1701,114473,0
1702,114540,0
1703,114607,0
1704,114673,0
1705,114741,0
1706,114808,0
1707,114875,0
1708,114942,0
1709,115010,0
1710,115078,0
1711,115145,0
1712,115212,0
1713,115280,0
1714,115347,0
1715,115415,0
1716,115481,0
1717,115549,0
1718,115616,0
1719,115683,0
1720,115751,0
1721,115819,0
1722,115886,0
1723,115953,0
1724,116020,0
1725,116087,0
1726,116155,0
1727,116222,0
1728,116290,0
1729,116357,0
1730,116424,0
1731,116492,0
1732,116559,0
1733,116626,0
1734,116694,0
1735,116760,0
1736,116828,0
1737,116895,0
1738,116963,0
1739,117030,0
1740,117097,0
1741,117165,0
1742,117232,0
1743,117300,0
1744,117366,0
1745,117433,0
1746,117501,0
1747,117568,0
1748,117635,0
1749,117703,0
1750,117770,0
1751,117837,0
1752,117904,0
1753,117972,0
1754,118039,0
1755,118106,0
1756,118174,0
1757,118241,0
1758,118309,0
1759,118376,0
1760,118443,0
1761,118510,0
1762,118578,0
1763,118646,0
1764,118713,0
1765,118779,0
1766,118848,0
1767,118915,0
1768,118982,0
1769,119049,0
1770,119116,0
1771,119184,0
1772,119252,0
1773,119318,0
1774,119385,0
1775,119452,0
1776,119520,0
1777,119587,0
1778,119655,0
1779,119721,0
1780,119790,0
1781,119857,0
1782,119924,0
1783,119991,0
1784,120059,0
1785,120126,0
1786,120193,0
1787,120261,0
1788,120328,0
1789,120395,0
1790,120463,0
1791,120530,0
1792,120597,0
1793,120664,0
1794,120732,0
1795,120799,0
1796,120866,0
1797,120934,0
1798,121001,0
1799,121068,0
1800,121135,0
1801,121203,0
1802,121270,0
1803,121337,0
1804,121405,0
1805,121473,0
1806,121539,0
1807,121607,0
1808,121674,0
1809,121742,0
1810,121808,0
1811,121877,0
1812,121943,0
1813,122010,0
1814,122078,0
1815,122146,0
1816,122212,0
1817,122280,0
1818,122347,0
1819,122415,0
1820,122482,0
1821,122549,0
1822,122616,0
1823,122684,0
1824,122751,0
1825,122819,0
1826,122886,0
1827,122954,0
1828,123021,0
1829,123088,0
1830,123155,0
1831,123223,0
1832,123291,0
1833,123357,0
1834,123424,0
1835,123492,0
1836,123559,0
1837,123626,0
1838,123693,0
1839,123760,0
1840,123828,0
1841,123896,0
1842,123962,0
1843,124030,0
1844,124097,0
1845,124165,0
1846,124231,0
1847,124299,0
1848,124366,0
1849,124434,0
1850,124501,0
1851,124568,0
1852,124635,0
1853,124703,0
1854,124770,0
1855,124838,0
1856,124905,0
1857,124972,0
1858,125040,0
1859,125107,0
1860,125174,0
1861,125241,0
1862,125309,0
1863,125376,0
1864,125444,0
1865,125511,0
1866,125578,0
1867,125645,0
1868,125713,0
1869,125779,0
1870,125847,0
1871,125915,0
1872,125982,0
1873,126049,0
1874,126116,0
1875,126184,0
1876,126251,0
1877,126318,0
1878,126386,0
1879,126453,0
1880,126520,0
1881,126588,0
1882,126655,0
1883,126723,0
1884,126790,0
1885,126857,0
1886,126924,0
1887,126991,0
1888,127059,0
1889,127126,0
1890,127194,0
1891,127261,0
1892,127328,0
1893,127396,0
1894,127463,0
1895,127530,0
1896,127597,0
1897,127665,0
1898,127732,0
1899,127800,0
1900,127867,0
1901,127934,0
1902,128001,0
1903,128068,0
1904,128136,0
1905,128203,0
1906,128270,0
1907,128337,0
1908,128405,0
1909,128472,0
1910,128540,0
1911,128607,0
1912,128675,0
1913,128742,0
1914,128809,0
1915,128876,0
1916,128943,0
1917,129010,0
1918,129078,0
1919,129145,0
1920,129213,0
1921,129280,0
1922,129347,0
1923,129415,0
1924,129482,0
1925,129549,0
1926,129616,0
1927,129684,0
1928,129751,0
1929,129818,0
1930,129886,0
1931,129954,0
1932,130021,0
1933,130088,0
1934,130155,0
1935,130223,0
1936,130290,0
1937,130357,0
1938,130425,0
1939,130491,0
1940,130559,0
1941,130626,0
1942,130693,0
1943,130761,0
1944,130828,0
1945,130895,0
1946,130963,0
1947,131031,0
1948,131098,0
1949,131165,0
1950,131232,0
1951,131299,0
1952,131367,0
1953,131434,0
1954,131502,0
1955,131569,0
1956,131636,0
1957,131703,0
1958,131771,0
1959,131838,0
1960,131905,0
1961,131972,0
1962,132040,0
1963,132107,0
1964,132175,0
1965,132242,0
1966,132309,0
1967,132377,0
1968,132444,0
1969,132511,0
1970,132578,0
1971,132645,0
1972,132713,0
1973,132779,0
1974,132848,0
1975,132915,0
1976,132982,0
1977,133049,0
1978,133116,0
1979,133183,0
1980,133251,0
1981,133319,0
1982,133386,0
1983,133454,0
1984,133521,0
1985,133587,0
1986,133655,0
1987,133722,0
1988,133790,0
1989,133857,0
1990,133924,0
1991,133991,0
1992,134059,0
1993,134126,0
1994,134194,0
1995,134261,0
1996,134329,0
1997,134395,0
1998,134463,0
1999,134531,0
2000,134598,0
2001,134665,0
2002,134732,0
2003,134799,0
2004,134867,0
2005,134934,0
2006,135001,0
2007,135069,0
2008,135136,0
2009,135203,0
2010,135271,0
2011,135338,0
2012,135405,0
2013,135473,0
2014,135540,0
2015,135607,0
2016,135675,0
2017,135742,0
2018,135809,0
2019,135876,0
2020,135944,0
2021,136012,0
2022,136079,0
2023,136146,0
2024,136213,0
2025,136280,0
2026,136347,0
2027,136415,0
2028,136482,0
2029,136549,0
2030,136617,0
2031,136685,0
2032,136752,0
2033,136818,0
2034,136886,0
2035,136953,0
2036,137020,0
2037,137088,0
2038,137155,0
2039,137222,0
2040,137290,0
2041,137357,0
2042,137424,0
2043,137491,0
2044,137559,0
2045,137626,0
2046,137693,0
2047,137761,0
2048,137829,0
2049,137896,0
2050,137964,0
2051,138030,0
2052,138097,0
2053,138165,0
2054,138232,0
2055,138299,0
2056,138367,0
2057,138434,0
2058,138502,0
2059,138569,0
2060,138637,0
2061,138704,0
2062,138770,0
2063,138838,0
2064,138906,0
2065,138973,0
2066,139040,0
2067,139107,0
2068,139174,0
2069,139242,0
2070,139309,0
2071,139376,0
2072,139444,0
2073,139511,0
2074,139579,0
2075,139645,0
2076,139713,0
2077,139781,0
2078,139848,0
2079,139915,0
2080,139982,0
2081,140049,0
2082,140117,0
2083,140184,0
2084,140251,0
2085,140319,0
2086,140386,0
2087,140454,0
2088,140521,0
2089,140589,0
2090,140656,0
2091,140723,0
2092,140790,0
2093,140858,0
2094,140925,0
2095,140993,0
2096,141059,0
2097,141127,0
2098,141194,0
2099,141262,0
2100,141329,0
2101,141396,0
2102,141463,0
2103,141530,0
2104,141598,0
2105,141665,0
2106,141733,0
2107,141799,0
2108,141867,0
2109,141934,0
2110,142002,0
2111,142069,0
2112,142136,0
2113,142203,0
2114,142270,0
2115,142338,0
2116,142405,0
2117,142473,0
2118,142540,0
2119,142607,0
2120,142674,0
2121,142742,0
2122,142809,0
2123,142876,0
2124,142943,0
2125,143011,0
2126,143078,0
2127,143146,0
2128,143214,0
2129,143281,0
2130,143348,0
2131,143415,0
2132,143482,0
2133,143550,0
2134,143617,0
2135,143685,0
2136,143752,0
2137,143819,0
2138,143886,0
2139,143953,0
2140,144021,0
2141,144088,0
2142,144156,0
2143,144223,0
2144,144290,0
2145,144357,0
2146,144425,0
2147,144492,0
2148,144559,0
2149,144626,0
2150,144694,0
2151,144761,0
2152,144829,0
2153,144895,0
2154,144963,0
2155,145031,0
2156,145098,0
2157,145165,0
2158,145232,0
2159,145299,0
2160,145367,0
2161,145434,0
2162,145502,0
2163,145570,0
2164,145636,0
2165,145704,0
2166,145772,0
2167,145838,0
2168,145906,0
2169,145974,0
2170,146041,0
2171,146107,0
2172,146175,0
2173,146242,0
2174,146309,0
2175,146377,0
2176,146444,0
2177,146511,0
2178,146578,0
2179,146646,0
2180,146713,0
2181,146780,0
2182,146847,0
2183,146915,0
2184,146982,0
2185,147049,0
2186,147117,0
2187,147184,0
2188,147251,0
2189,147319,0
2190,147386,0
2191,147454,0
2192,147521,0
2193,147588,0
2194,147656,0
2195,147723,0
2196,147790,0
2197,147857,0
2198,147924,0
2199,147992,0
2200,148061,0
2201,148126,0
2202,148193,0
2203,148261,0
2204,148329,0
2205,148396,0
2206,148464,0
2207,148531,0
2208,148597,0
2209,148665,0
2210,148732,0
2211,148800,0
2212,148867,0
2213,148934,0
2214,149002,0
2215,149069,0
2216,149137,0
2217,149204,0
2218,149271,0
2219,149338,0
2220,149406,0
2221,149473,0
2222,149540,0
2223,149608,0
2224,149674,0
2225,149742,0
2226,149809,0
2227,149877,0
2228,149944,0
2229,150011,0
2230,150078,0
2231,150146,0
2232,150213,0
2233,150281,0
2234,150348,0
2235,150416,0
2236,150482,0
2237,150550,0
2238,150617,0
2239,150685,0
2240,150752,0
2241,150819,0
2242,150886,0
2243,150954,0
2244,151022,0
2245,151088,0
2246,151156,0
2247,151223,0
2248,151290,0
2249,151357,0
2250,151425,0
2251,151493,0
2252,151559,0
2253,151626,0
2254,151694,0
2255,151762,0
2256,151829,0
2257,151896,0
2258,151963,0
2259,152030,0
2260,152097,0
2261,152165,0
2262,152233,0
2263,152300,0
2264,152367,0
2265,152434,0
2266,152501,0
2267,152569,0
2268,152636,0
2269,152703,0
2270,152771,0
2271,152838,0
2272,152906,0
2273,152973,0
2274,153040,0
2275,153108,0
2276,153176,0
2277,153242,0
2278,153310,0
2279,153377,0
2280,153444,0
2281,153512,0
2282,153578,0
2283,153646,0
2284,153713,0
2285,153782,0
2286,153848,0
2287,153915,0
2288,153982,0
2289,154050,0
2290,154117,0
2291,154184,0
2292,154252,0
2293,154320,0
2294,154387,0
2295,154454,0
2296,154522,0
2297,154588,0
2298,154655,0
2299,154723,0
2300,154790,0
2301,154857,0
2302,154925,0
2303,154992,0
2304,155059,0
2305,155127,0
2306,155194,0
2307,155261,0
2308,155329,0
2309,155396,0
2310,155463,0
2311,155531,0
2312,155597,0
2313,155665,0
2314,155733,0
2315,155800,0
2316,155867,0
2317,155934,0
2318,156002,0
2319,156070,0
2320,156136,0
2321,156203,0
2322,156271,0
2323,156338,0
2324,156406,0
2325,156473,0
2326,156541,0
2327,156608,0
2328,156675,0
2329,156742,0
2330,156810,0
2331,156877,0
2332,156944,0
2333,157011,0
2334,157079,0
2335,157146,0
2336,157213,0
2337,157281,0
2338,157348,0
2339,157416,0
2340,157483,0
2341,157550,0
2342,157618,0
2343,157684,0
2344,157752,0
2345,157820,0
2346,157886,0
2347,157954,0
2348,158021,0
2349,158089,0
2350,158156,0
2351,158223,0
2352,158290,0
2353,158358,0
2354,158426,0
2355,158492,0
2356,158559,0
2357,158627,0
2358,158695,0
2359,158762,0
2360,158830,0
2361,158897,0
2362,158964,0
2363,159031,0
2364,159099,0
2365,159166,0
2366,159233,0
2367,159300,0
2368,159367,0
2369,159434,0
2370,159502,0
2371,159569,0
2372,159636,0
2373,159704,0
2374,159771,0
2375,159838,0
2376,159906,0
2377,159973,0
2378,160040,0
2379,160107,0
2380,160175,0
2381,160242,0
2382,160309,0
2383,160377,0
2384,160444,0
2385,160511,0
2386,160579,0
2387,160646,0
2388,160714,0
2389,160780,0
2390,160848,0
2391,160915,0
2392,160983,0
2393,161050,0
2394,161118,0
2395,161185,0
2396,161252,0
2397,161319,0
2398,161387,0
2399,161454,0
2400,161521,0
2401,161589,0
2402,161656,0
2403,161723,0
2404,161791,0
2405,161857,0
2406,161925,0
2407,161993,0
2408,162060,0
2409,162127,0
2410,162195,0
2411,162262,0
2412,162329,0
2413,162396,0
2414,162464,0
2415,162531,0
2416,162598,0
2417,162666,0
2418,162733,0
2419,162800,0
2420,162868,0
2421,162935,0
2422,163002,0
2423,163069,0
2424,163137,0
2425,163203,0
2426,163271,0
2427,163338,0
2428,163407,0
2429,163474,0
2430,163541,0
2431,163607,0
2432,163675,0
2433,163742,0
2434,163810,0
2435,163878,0
2436,163944,0
2437,164011,0
2438,164079,0
2439,164147,0
2440,164214,0
2441,164281,0
2442,164348,0
2443,164415,0
2444,164482,0
2445,164550,0
2446,164617,0
2447,164685,0
2448,164752,0
2449,164819,0
2450,164887,0
2451,164954,0
2452,165021,0
2453,165089,0
2454,165156,0
2455,165223,0
2456,165291,0
2457,165358,0
2458,165425,0
2459,165493,0
2460,165560,0
2461,165627,0
2462,165695,0
2463,165762,0
2464,165829,0
2465,165896,0
2466,165963,0
2467,166031,0
2468,166098,0
2469,166166,0
2470,166233,0
2471,166300,0
2472,166368,0
2473,166434,0
2474,166502,0
2475,166569,0
2476,166637,0
2477,166704,0
2478,166771,0
2479,166839,0
2480,166906,0
2481,166974,0
2482,167041,0
2483,167108,0
2484,167175,0
2485,167242,0
2486,167310,0
2487,167378,0
2488,167445,0
2489,167512,0
2490,167580,0
2491,167646,0
2492,167714,0
2493,167781,0
2494,167848,0
2495,167916,0
2496,167983,0
2497,168051,0
2498,168118,0
2499,168185,0
2500,168252,0
2501,168319,0
2502,168386,0
2503,168453,0
2504,168521,0
2505,168589,0
2506,168656,0
2507,168723,0
2508,168791,0
2509,168857,0
2510,168925,0
2511,168992,0
2512,169060,0
2513,169128,0
2514,169195,0
2515,169262,0
2516,169329,0
2517,169396,0
2518,169463,0
2519,169531,0
2520,169599,0
2521,169665,0
2522,169733,0
2523,169801,0
2524,169868,0
2525,169935,0
2526,170002,0
2527,170069,0
2528,170137,0
2529,170204,0
2530,170272,0
2531,170338,0
2532,170406,0
2533,170474,0
2534,170540,0
2535,170608,0
2536,170676,0
2537,170743,0
2538,170810,0
2539,170877,0
2540,170945,0
2541,171011,0
2542,171079,0
2543,171146,0
2544,171214,0
2545,171281,0
2546,171349,0
2547,171416,0
2548,171483,0
2549,171550,0
2550,171618,0
2551,171686,0
2552,171752,0
2553,171820,0
2554,171887,0
2555,171954,0
2556,172021,0
2557,172089,0
2558,172157,0
2559,172223,0
2560,172291,0
2561,172358,0
2562,172425,0
2563,172492,0
2564,172560,0
2565,172628,0
2566,172695,0
2567,172761,0
2568,172829,0
2569,172896,0
2570,172964,0
2571,173031,0
2572,173098,0
2573,173165,0
2574,173233,0
2575,173300,0
2576,173368,0
2577,173435,0
2578,173502,0
2579,173569,0
2580,173637,0
2581,173704,0
2582,173771,0
2583,173839,0
2584,173906,0
2585,173974,0
2586,174040,0
2587,174108,0
2588,174175,0
2589,174243,0
2590,174310,0
2591,174377,0
2592,174444,0
2593,174512,0
2594,174579,0
2595,174646,0
2596,174714,0
2597,174782,0
2598,174848,0
2599,174916,0
2600,174983,0
2601,175050,0
2602,175118,0
2603,175185,0
2604,175252,0
2605,175319,0
2606,175387,0
2607,175454,0
2608,175521,0
2609,175589,0
2610,175656,0
2611,175723,0
2612,175791,0
2613,175858,0
2614,175925,0
2615,175992,0
2616,176061,0
2617,176128,0
2618,176195,0
2619,176262,0
2620,176329,0
2621,176396,0
2622,176464,0
2623,176531,0
2624,176599,0
2625,176666,0
2626,176733,0
2627,176800,0
2628,176868,0
2629,176936,0
2630,177002,0
2631,177070,0
2632,177137,0
2633,177204,0
2634,177271,0
2635,177339,0
2636,177406,0
2637,177473,0
2638,177541,0
2639,177607,0
2640,177675,0
2641,177743,0
2642,177809,0
2643,177878,0
2644,177944,0
2645,178012,0
2646,178079,0
2647,178147,0
2648,178214,0
2649,178281,0
2650,178348,0
2651,178416,0
2652,178484,0
2653,178551,0
2654,178618,0
2655,178685,0
2656,178753,0
2657,178819,0
2658,178887,0
2659,178955,0
2660,179022,0
2661,179089,0
2662,179156,0
2663,179224,0
2664,179291,0
2665,179358,0
2666,179425,0
2667,179493,0
2668,179560,0
2669,179627,0
2670,179695,0
2671,179762,0
2672,179829,0
2673,179896,0
2674,179964,0
2675,180031,0
2676,180098,0
2677,180166,0
2678,180234,0
2679,180301,0
2680,180368,0
2681,180435,0
2682,180502,0
2683,180570,0
2684,180637,0
2685,180704,0
2686,180772,0
2687,180839,0
2688,180907,0
2689,180974,0
2690,181040,0
2691,181108,0
2692,181176,0
2693,181243,0
2694,181310,0
2695,181377,0
2696,181445,0
2697,181512,0
2698,181581,0
2699,181646,0
2700,181714,0
2701,181782,0
2702,181849,0
2703,181916,0
2704,181983,0
2705,182051,0
2706,182118,0
2707,182184,0
2708,182252,0
2709,182320,0
2710,182387,0
2711,182454,0
2712,182522,0
2713,182589,0
2714,182656,0
2715,182723,0
2716,182791,0
2717,182859,0
2718,182926,0
2719,182993,0
2720,183060,0
2721,183128,0
2722,183194,0
2723,183262,0
2724,183330,0
2725,183397,0
2726,183465,0
2727,183531,0
2728,183599,0
2729,183666,0
2730,183734,0
2731,183801,0
2732,183868,0
2733,183936,0
2734,184003,0
2735,184069,0
2736,184137,0
2737,184204,0
2738,184272,0
2739,184339,0
2740,184406,0
2741,184474,0
2742,184541,0
2743,184608,0
2744,184676,0
2745,184743,0
2746,184811,0
2747,184878,0
2748,184945,0
2749,185012,0
2750,185079,0
2751,185147,0
2752,185214,0
2753,185281,0
2754,185348,0
2755,185416,0
2756,185484,0
2757,185551,0
2758,185618,0
2759,185685,0
2760,185753,0
2761,185820,0
2762,185887,0
2763,185954,0
2764,186022,0
2765,186089,0
2766,186156,0
2767,186223,0
2768,186290,0
2769,186358,0
2770,186426,0
2771,186493,0
2772,186560,0
2773,186628,0
2774,186694,0
2775,186761,0
2776,186830,0
2777,186897,0
2778,186964,0
2779,187032,0
2780,187099,0
2781,187166,0
2782,187233,0
2783,187300,0
2784,187368,0
2785,187436,0
2786,187502,0
2787,187569,0
2788,187637,0
2789,187704,0
2790,187772,0
2791,187839,0
2792,187906,0
2793,187974,0
2794,188041,0
2795,188109,0
2796,188176,0
2797,188243,0
2798,188310,0
2799,188378,0
2800,188445,0
2801,188512,0
2802,188579,0
2803,188647,0
2804,188714,0
2805,188781,0
2806,188849,0
2807,188916,0
2808,188983,0
2809,189050,0
2810,189118,0
2811,189186,0
2812,189252,0
2813,189320,0
2814,189388,0
2815,189454,0
2816,189522,0
2817,189589,0
2818,189657,0
2819,189724,0
2820,189792,0
2821,189859,0
2822,189925,0
2823,189993,0
2824,190060,0
2825,190128,0
2826,190195,0
2827,190263,0
2828,190330,0
2829,190397,0
2830,190464,0
2831,190531,0
2832,190599,0
2833,190666,0
2834,190734,0
2835,190801,0
2836,190868,0
2837,190936,0
2838,191003,0
2839,191069,0
2840,191137,0
2841,191205,0
2842,191272,0
2843,191339,0
2844,191407,0
2845,191474,0
2846,191541,0
2847,191608,0
2848,191676,0
2849,191743,0
2850,191810,0
2851,191878,0
2852,191945,0
2853,192012,0
2854,192079,0
2855,192147,0
2856,192214,0
2857,192281,0
2858,192348,0
2859,192416,0
2860,192483,0
2861,192551,0
2862,192618,0
2863,192685,0
2864,192754,0
2865,192820,0
2866,192887,0
2867,192955,0
2868,193022,0
2869,193089,0
2870,193156,0
2871,193224,0
2872,193291,0
2873,193359,0
2874,193426,0
2875,193493,0
2876,193560,0
2877,193628,0
2878,193695,0
2879,193763,0
2880,193830,0
2881,193897,0
2882,193964,0
2883,194032,0
2884,194099,0
2885,194166,0
2886,194234,0
2887,194301,0
2888,194369,0
2889,194436,0
2890,194503,0
2891,194571,0
2892,194637,0
2893,194705,0
2894,194772,0
2895,194839,0
2896,194907,0
2897,194974,0
2898,195041,0
2899,195108,0
2900,195176,0
2901,195243,0
2902,195310,0
2903,195377,0
2904,195445,0
2905,195512,0
2906,195580,0
2907,195647,0
2908,195714,0
2909,195781,0
2910,195848,0
2911,195916,0
2912,195983,0
2913,196051,0
2914,196118,0
2915,196185,0
2916,196253,0
2917,196319,0
2918,196387,0
2919,196455,0
2920,196522,0
2921,196589,0
2922,196657,0
2923,196724,0
2924,196791,0
2925,196858,0
2926,196926,0
2927,196994,0
2928,197060,0
2929,197127,0
2930,197195,0
2931,197263,0
2932,197330,0
2933,197397,0
2934,197464,0
2935,197532,0
2936,197599,0
2937,197667,0
2938,197734,0
2939,197801,0
2940,197868,0
2941,197936,0
2942,198003,0
2943,198070,0
2944,198138,0
2945,198205,0
2946,198272,0
2947,198340,0
2948,198407,0
2949,198474,0
2950,198541,0
2951,198609,0
2952,198676,0
2953,198743,0
2954,198811,0
2955,198878,0
2956,198945,0
2957,199013,0
2958,199080,0
2959,199148,0
2960,199215,0
2961,199281,0
2962,199349,0
2963,199416,0
2964,199484,0
2965,199551,0
2966,199619,0
2967,199685,0
2968,199753,0
2969,199820,0
2970,199887,0
2971,199954,0
2972,200021,0
2973,200089,0
2974,200157,0
2975,200225,0
2976,200292,0
2977,200359,0
2978,200426,0
2979,200493,0
2980,200561,0
2981,200628,0
2982,200695,0
2983,200763,0
2984,200830,0
2985,200898,0
2986,200965,0
2987,201031,0
2988,201099,0
2989,201166,0
2990,201233,0
2991,201301,0
2992,201368,0
2993,201435,0
2994,201503,0
2995,201570,0
2996,201637,0
2997,201705,0
2998,201772,0
2999,201840,0
3000,201907,0
3001,201974,0
3002,202041,0
3003,202108,0
3004,202176,0
3005,202244,0
3006,202311,0
3007,202378,0
3008,202445,0
3009,202513,0
3010,202580,0
3011,202647,0
3012,202715,0
3013,202782,0
3014,202849,0
3015,202916,0
3016,202984,0
3017,203051,0
3018,203119,0
3019,203186,0
3020,203253,0
3021,203320,0
3022,203388,0
3023,203455,0
3024,203523,0
3025,203590,0
3026,203657,0
3027,203725,0
3028,203792,0
3029,203859,0
3030,203927,0
3031,203993,0
3032,204061,0
3033,204128,0
3034,204195,0
3035,204263,0
3036,204330,0
3037,204397,0
3038,204465,0
3039,204532,0
3040,204600,0
3041,204667,0
3042,204733,0
3043,204801,0
3044,204869,0
3045,204936,0
3046,205004,0
3047,205070,0
3048,205138,0
3049,205205,0
3050,205272,0
3051,205340,0
3052,205406,0
3053,205474,0
3054,205541,0
3055,205609,0
3056,205676,0
3057,205744,0
3058,205811,0
3059,205878,0
3060,205945,0
3061,206013,0
3062,206080,0
3063,206147,0
3064,206215,0
3065,206282,0
3066,206349,0
3067,206416,0
3068,206484,0
3069,206551,0
3070,206618,0
3071,206685,0
3072,206753,0
3073,206820,0
3074,206888,0
3075,206955,0
3076,207023,0
3077,207090,0
3078,207157,0
3079,207224,0
3080,207291,0
3081,207359,0
3082,207427,0
3083,207493,0
3084,207561,0
3085,207628,0
3086,207696,0
3087,207763,0
3088,207830,0
3089,207898,0
3090,207965,0
3091,208033,0
3092,208099,0
3093,208166,0
3094,208234,0
3095,208301,0
3096,208369,0
3097,208436,0
3098,208503,0
3099,208570,0
3100,208637,0
3101,208705,0
3102,208772,0
3103,208840,0
3104,208907,0
3105,208974,0
3106,209042,0
3107,209109,0
3108,209176,0
3109,209243,0
3110,209310,0
3111,209378,0
3112,209446,0
3113,209513,0
3114,209580,0
3115,209648,0
3116,209714,0
3117,209782,0
3118,209849,0
3119,209917,0
3120,209984,0
3121,210051,0
3122,210119,0
3123,210186,0
3124,210253,0
3125,210320,0
3126,210388,0
3127,210455,0
3128,210523,0
3129,210590,0
3130,210657,0
3131,210724,0
3132,210792,0
3133,210859,0
3134,210927,0
3135,210994,0
3136,211061,0
3137,211128,0
3138,211195,0
3139,211263,0
3140,211329,0
3141,211398,0
3142,211465,0
3143,211532,0
3144,211599,0
3145,211667,0
3146,211735,0
3147,211802,0
3148,211869,0
3149,211936,0
3150,212004,0
3151,212070,0
3152,212138,0
3153,212206,0
3154,212272,0
3155,212340,0
3156,212407,0
3157,212474,0
3158,212541,0
3159,212610,0
3160,212677,0
3161,212744,0
3162,212812,0
3163,212878,0
3164,212946,0
3165,213013,0
3166,213080,0
3167,213147,0
3168,213215,0
3169,213282,0
3170,213349,0
3171,213417,0
3172,213483,0
3173,213551,0
3174,213619,0
3175,213686,0
3176,213753,0
3177,213820,0
3178,213888,0
3179,213955,0
3180,214022,0
3181,214090,0
3182,214157,0
3183,214224,0
3184,214292,0
3185,214359,0
3186,214426,0
3187,214493,0
3188,214561,0
3189,214629,0
3190,214695,0
3191,214763,0
3192,214830,0
3193,214898,0
3194,214965,0
3195,215032,0
3196,215100,0
3197,215167,0
3198,215234,0
3199,215301,0
3200,215369,0
3201,215436,0
3202,215503,0
3203,215570,0
3204,215638,0
3205,215705,0
3206,215772,0
3207,215839,0
3208,215907,0
3209,215975,0
3210,216042,0
3211,216109,0
3212,216176,0
3213,216244,0
3214,216311,0
3215,216378,0
3216,216446,0
3217,216514,0
3218,216581,0
3219,216648,0
3220,216715,0
3221,216782,0
3222,216849,0
3223,216917,0
3224,216984,0
3225,217052,0
3226,217120,0
3227,217186,0
3228,217253,0
3229,217321,0
3230,217388,0
3231,217455,0
3232,217522,0
3233,217590,0
3234,217657,0
3235,217724,0
3236,217791,0
3237,217859,0
3238,217926,0
3239,217993,0
3240,218060,0
3241,218128,0
3242,218195,0
3243,218263,0
3244,218330,0
3245,218398,0
3246,218465,0
3247,218532,0
3248,218599,0
3249,218667,0
3250,218734,0
3251,218801,0
3252,218868,0
3253,218936,0
3254,219004,0
3255,219071,0
3256,219138,0
3257,219205,0
3258,219272,0
3259,219340,0
3260,219407,0
3261,219475,0
3262,219542,0
3263,219610,0
3264,219676,0
3265,219744,0
3266,219811,0
3267,219879,0
3268,219946,0
3269,220013,0
3270,220081,0
3271,220148,0
3272,220214,0
3273,220282,0
3274,220349,0
3275,220417,0
3276,220485,0
3277,220552,0
3278,220619,0
3279,220687,0
3280,220754,0
3281,220821,0
3282,220889,0
3283,220956,0
3284,221023,0
3285,221091,0
3286,221158,0
3287,221226,0
3288,221292,0
3289,221360,0
3290,221427,0
3291,221494,0
3292,221561,0
3293,221628,0
3294,221695,0
3295,221763,0
3296,221830,0
3297,221897,0
3298,221965,0
3299,222033,0
3300,222100,0
3301,222167,0
3302,222236,0
3303,222301,0
3304,222369,0
3305,222436,0
3306,222504,0
3307,222571,0
3308,222639,0
3309,222705,0
3310,222773,0
3311,222840,0
3312,222907,0
3313,222975,0
3314,223042,0
3315,223109,0
3316,223176,0
3317,223244,0
3318,223311,0
3319,223379,0
3320,223446,0
3321,223513,0
3322,223580,0
3323,223649,0
3324,223716,0
3325,223782,0
3326,223850,0
3327,223917,0
3328,223984,0
3329,224052,0
3330,224119,0
3331,224187,0
3332,224254,0
3333,224321,0
3334,224389,0
3335,224456,0
3336,224522,0
3337,224590,0
3338,224658,0
3339,224725,0
3340,224792,0
3341,224860,0
3342,224926,0
3343,224994,0
3344,225061,0
3345,225129,0
3346,225195,0
3347,225263,0
3348,225330,0
3349,225398,0
3350,225465,0
3351,225532,0
3352,225600,0
3353,225668,0
3354,225735,0
3355,225802,0
3356,225869,0
3357,225936,0
3358,226003,0
3359,226071,0
3360,226139,0
3361,226206,0
3362,226273,0
3363,226341,0
3364,226407,0
3365,226475,0
3366,226542,0
3367,226609,0
3368,226676,0
3369,226744,0
3370,226810,0
3371,226878,0
3372,226946,0
3373,227013,0
3374,227080,0
3375,227148,0
3376,227215,0
3377,227282,0
3378,227350,0
3379,227417,0
3380,227484,0
3381,227552,0
3382,227619,0
3383,227685,0
3384,227754,0
3385,227821,0
3386,227888,0
3387,227955,0
3388,228023,0
3389,228090,0
3390,228158,0
3391,228225,0
3392,228292,0
3393,228359,0
3394,228427,0
3395,228494,0
3396,228561,0
3397,228629,0
3398,228696,0
3399,228763,0
3400,228830,0
3401,228897,0
3402,228965,0
3403,229033,0
3404,229100,0
3405,229167,0
3406,229234,0
3407,229303,0
3408,229369,0
3409,229436,0
3410,229503,0
3411,229571,0
3412,229639,0
3413,229706,0
3414,229773,0
3415,229840,0
3416,229907,0
3417,229976,0
3418,230042,0
3419,230110,0
3420,230177,0
3421,230245,0
3422,230312,0
3423,230379,0
3424,230446,0
3425,230514,0
3426,230581,0
3427,230648,0
3428,230715,0
3429,230782,0
3430,230850,0
3431,230917,0
3432,230984,0
3433,231052,0
3434,231119,0
3435,231186,0
3436,231253,0
3437,231321,0
3438,231388,0
3439,231455,0
3440,231523,0
3441,231590,0
3442,231658,0
3443,231725,0
3444,231792,0
3445,231859,0
3446,231927,0
3447,231994,0
3448,232061,0
3449,232128,0
3450,232196,0
3451,232263,0
3452,232330,0
3453,232398,0
3454,232465,0
3455,232532,0
3456,232600,0
3457,232667,0
3458,232734,0
3459,232801,0
3460,232869,0
3461,232936,0
3462,233004,0
3463,233071,0
3464,233138,0
3465,233205,0
3466,233273,0
3467,233340,0
3468,233407,0
3469,233474,0
3470,233542,0
3471,233610,0
3472,233677,0
3473,233745,0
3474,233812,0
3475,233879,0
3476,233946,0
3477,234014,0
3478,234081,0
3479,234148,0
3480,234215,0
3481,234282,0
3482,234350,0
3483,234417,0
3484,234486,0
3485,234552,0
3486,234620,0
3487,234687,0
3488,234754,0
3489,234822,0
3490,234888,0
3491,234956,0
3492,235023,0
3493,235090,0
3494,235158,0
3495,235225,0
3496,235292,0
3497,235359,0
3498,235427,0
3499,235494,0
3500,235562,0
3501,235629,0
3502,235696,0
3503,235763,0
3504,235831,0
3505,235898,0
3506,235965,0
3507,236033,0
3508,236100,0
3509,236167,0
3510,236235,0
3511,236302,0
3512,236369,0
3513,236437,0
3514,236504,0
3515,236571,0
3516,236639,0
3517,236706,0
3518,236773,0
3519,236841,0
3520,236908,0
3521,236975,0
3522,237042,0
3523,237110,0
3524,237178,0
3525,237244,0
3526,237311,0
3527,237379,0
3528,237447,0
3529,237513,0
3530,237581,0
3531,237648,0
3532,237715,0
3533,237783,0
3534,237850,0
3535,237917,0
3536,237985,0
3537,238052,0
3538,238120,0
3539,238187,0
3540,238254,0
3541,238322,0
3542,238389,0
3543,238456,0
3544,238524,0
3545,238590,0
3546,238657,0
3547,238725,0
3548,238792,0
3549,238860,0
3550,238927,0
3551,238995,0
3552,239062,0
3553,239129,0
3554,239197,0
3555,239264,0
3556,239331,0
3557,239398,0
3558,239465,0
3559,239533,0
3560,239600,0
3561,239667,0
3562,239735,0
3563,239802,0
3564,239869,0
3565,239936,0
3566,240004,0
3567,240071,0
3568,240138,0
3569,240206,0
3570,240274,0
3571,240340,0
3572,240408,0
3573,240475,0
3574,240543,0
3575,240609,0
3576,240677,0
3577,240744,0
3578,240812,0
3579,240879,0
3580,240947,0
3581,241014,0
3582,241081,0
3583,241148,0
3584,241216,0
3585,241283,0
3586,241350,0
3587,241417,0
3588,241485,0
3589,241552,0
3590,241619,0
3591,241686,0
3592,241754,0
3593,241821,0
3594,241889,0
3595,241956,0
3596,242023,0
3597,242090,0
3598,242158,0
3599,242225,0
3600,242293,0
3601,242360,0
3602,242427,0
3603,242495,0
3604,242562,0
3605,242629,0
3606,242697,0
3607,242764,0
3608,242831,0
3609,242898,0
3610,242966,0
3611,243033,0
3612,243101,0
3613,243168,0
3614,243235,0
3615,243303,0
3616,243370,0
3617,243437,0
3618,243504,0
3619,243571,0
3620,243639,0
3621,243706,0
3622,243773,0
3623,243841,0
3624,243908,0
3625,243975,0
3626,244043,0
3627,244110,0
3628,244177,0
3629,244244,0
3630,244312,0
3631,244379,0
3632,244446,0
3633,244514,0
3634,244581,0
3635,244648,0
3636,244715,0
3637,244783,0
3638,244850,0
3639,244918,0
3640,244985,0
3641,245052,0
3642,245120,0
3643,245187,0
3644,245254,0
3645,245321,0
3646,245389,0
3647,245455,0
3648,245523,0
3649,245591,0
3650,245658,0
3651,245725,0
3652,245793,0
3653,245860,0
3654,245927,0
3655,245994,0
3656,246061,0
3657,246129,0
3658,246196,0
3659,246264,0
3660,246331,0
3661,246398,0
3662,246466,0
3663,246533,0
3664,246600,0
3665,246667,0
3666,246735,0
3667,246802,0
3668,246870,0
3669,246937,0
3670,247004,0
3671,247072,0
3672,247139,0
3673,247206,0
3674,247273,0
3675,247341,0
3676,247408,0
3677,247475,0
3678,247543,0
3679,247610,0
3680,247677,0
3681,247745,0
3682,247812,0
3683,247879,0
3684,247947,0
3685,248014,0
3686,248081,0
3687,248148,0
3688,248216,0
3689,248283,0
3690,248351,0
3691,248417,0
3692,248485,0
3693,248552,0
3694,248620,0
3695,248686,0
3696,248753,0
3697,248822,0
3698,248889,0
3699,248956,0
3700,249023,0
3701,249091,0
3702,249157,0
3703,249225,0
3704,249292,0
3705,249359,0
3706,249427,0
3707,249495,0
3708,249562,0
3709,249629,0
3710,249697,0
3711,249763,0
3712,249832,0
3713,249899,0
3714,249965,0
3715,250033,0
3716,250100,0
3717,250168,0
3718,250235,0
3719,250302,0
3720,250369,0
3721,250437,0
3722,250505,0
3723,250572,0
3724,250639,0
3725,250706,0
3726,250774,0
3727,250841,0
3728,250907,0
3729,250976,0
3730,251042,0
3731,251110,0
3732,251177,0
3733,251245,0
3734,251312,0
3735,251379,0
3736,251447,0
3737,251514,0
3738,251581,0
3739,251648,0
3740,251716,0
3741,251783,0
3742,251851,0
3743,251918,0
3744,251985,0
3745,252052,0
3746,252120,0
3747,252187,0
3748,252254,0
3749,252321,0
3750,252389,0
3751,252456,0
3752,252523,0
3753,252591,0
3754,252658,0
3755,252725,0
3756,252793,0
3757,252860,0
3758,252927,0
3759,252995,0
3760,253062,0
3761,253129,0
3762,253196,0
3763,253264,0
3764,253331,0
3765,253398,0
3766,253465,0
3767,253534,0
3768,253600,0
3769,253668,0
3770,253735,0
3771,253802,0
3772,253869,0
3773,253937,0
3774,254004,0
3775,254072,0
3776,254138,0
3777,254206,0
3778,254273,0
3779,254341,0
3780,254407,0
3781,254475,0
3782,254542,0
3783,254610,0
3784,254678,0
3785,254745,0
3786,254812,0
3787,254880,0
3788,254946,0
3789,255014,0
3790,255081,0
3791,255149,0
3792,255215,0
3793,255283,0
3794,255350,0
3795,255418,0
3796,255485,0
3797,255552,0
3798,255619,0
3799,255687,0
3800,255754,0
3801,255822,0
3802,255888,0
3803,255957,0
3804,256023,0
3805,256091,0
3806,256158,0
3807,256225,0
3808,256293,0
3809,256360,0
3810,256428,0
3811,256495,0
3812,256562,0
3813,256629,0
3814,256697,0
3815,256764,0
3816,256832,0
3817,256899,0
3818,256966,0
3819,257034,0
3820,257100,0
3821,257168,0
3822,257236,0
3823,257303,0
3824,257369,0
3825,257437,0
3826,257504,0
3827,257571,0
3828,257638,0
3829,257706,0
3830,257774,0
3831,257840,0
3832,257908,0
3833,257975,0
3834,258043,0
3835,258110,0
3836,258178,0
3837,258245,0
3838,258312,0
3839,258379,0
3840,258447,0
3841,258514,0
3842,258581,0
3843,258648,0
3844,258716,0
3845,258783,0
3846,258851,0
3847,258918,0
3848,258985,0
3849,259053,0
3850,259120,0
3851,259187,0
3852,259254,0
3853,259322,0
3854,259389,0
3855,259457,0
3856,259524,0
3857,259591,0
3858,259658,0
3859,259726,0
3860,259793,0
3861,259860,0
3862,259927,0
3863,259995,0
3864,260062,0
3865,260129,0
3866,260196,0
3867,260264,0
3868,260332,0
3869,260398,0
3870,260466,0
3871,260534,0
3872,260600,0
3873,260667,0
3874,260736,0
3875,260802,0
3876,260870,0
3877,260937,0
3878,261004,0
3879,261071,0
3880,261141,0
3881,261206,0
3882,261274,0
3883,261341,0
3884,261409,0
3885,261476,0
3886,261543,0
3887,261611,0
3888,261677,0
3889,261745,0
3890,261813,0
3891,261880,0
3892,261947,0
3893,262014,0
3894,262081,0
3895,262149,0
3896,262216,0
3897,262283,0
3898,262351,0
3899,262418,0
3900,262485,0
3901,262553,0
3902,262620,0
3903,262687,0
3904,262754,0
3905,262823,0
3906,262889,0
3907,262956,0
3908,263024,0
3909,263091,0
3910,263159,0
3911,263225,0
3912,263293,0
3913,263360,0
3914,263427,0
3915,263495,0
3916,263562,0
3917,263630,0
3918,263697,0
3919,263764,0
3920,263832,0
3921,263899,0
3922,263966,0
3923,264034,0
3924,264100,0
3925,264168,0
3926,264236,0
3927,264303,0
3928,264370,0
3929,264438,0
3930,264504,0
3931,264571,0
3932,264639,0
3933,264706,0
3934,264774,0
3935,264842,0
3936,264909,0
3937,264976,0
3938,265043,0
3939,265111,0
3940,265177,0
3941,265245,0
3942,265313,0
3943,265380,0
3944,265447,0
3945,265515,0
3946,265581,0
3947,265649,0
3948,265716,0
3949,265784,0
3950,265851,0
3951,265918,0
3952,265985,0
3953,266052,0
3954,266120,0
3955,266188,0
3956,266254,0
3957,266321,0
3958,266389,0
3959,266457,0
3960,266524,0
3961,266590,0
3962,266658,0
3963,266725,0
3964,266792,0
3965,266861,0
3966,266928,0
3967,266995,0
3968,267062,0
3969,267130,0
3970,267196,0
3971,267264,0
3972,267332,0
3973,267399,0
3974,267466,0
3975,267533,0
3976,267601,0
3977,267668,0
3978,267736,0
3979,267803,0
3980,267870,0
3981,267937,0
3982,268005,0
3983,268072,0
3984,268139,0
3985,268207,0
3986,268274,0
3987,268341,0
3988,268408,0
3989,268475,0
3990,268543,0
3991,268610,0
3992,268678,0
3993,268745,0
3994,268812,0
3995,268880,0
3996,268946,0
3997,269014,0
3998,269082,0
3999,269148,0
4000,269216,0
4001,269284,0
4002,269351,0
4003,269418,0
4004,269486,0
4005,269553,0
4006,269620,0
4007,269687,0
4008,269755,0
4009,269822,0
4010,269889,0
4011,269956,0
4012,270024,0
4013,270091,0
4014,270159,0
4015,270226,0
4016,270293,0
4017,270361,0
4018,270428,0
4019,270496,0
4020,270563,0
4021,270630,0
4022,270698,0
4023,270765,0
4024,270831,0
4025,270898,0
4026,270966,0
4027,271033,0
4028,271101,0
4029,271168,0
4030,271235,0
4031,271302,0
4032,271370,0
4033,271438,0
4034,271505,0
4035,271572,0
4036,271639,0
4037,271706,0
4038,271774,0
4039,271842,0
4040,271909,0
4041,271976,0
4042,272043,0
4043,272110,0
4044,272178,0
4045,272245,0
4046,272313,0
4047,272379,0
4048,272447,0
4049,272514,0
4050,272581,0
4051,272649,0
4052,272716,0
4053,272783,0
4054,272850,0
4055,272918,0
4056,272986,0
4057,273052,0
4058,273120,0
4059,273187,0
4060,273255,0
4061,273322,0
4062,273389,0
4063,273457,0
4064,273524,0
4065,273591,0
4066,273659,0
4067,273726,0
4068,273793,0
4069,273860,0
4070,273928,0
4071,273995,0
4072,274063,0
4073,274130,0
4074,274197,0
4075,274265,0
4076,274332,0
4077,274399,0
4078,274466,0
4079,274534,0
4080,274601,0
4081,274668,0
4082,274736,0
4083,274803,0
4084,274871,0
4085,274938,0
4086,275005,0
4087,275072,0
4088,275140,0
4089,275206,0
4090,275274,0
4091,275341,0
4092,275409,0
4093,275475,0
4094,275543,0
4095,275610,0
4096,275678,0
4097,275746,0
4098,275812,0
4099,275879,0
4100,275946,0
4101,276014,0
4102,276082,0
4103,276149,0
4104,276216,0
4105,276283,0
4106,276351,0
4107,276418,0
4108,276485,0
4109,276553,0
4110,276620,0
4111,276687,0
4112,276755,0
4113,276822,0
4114,276890,0
4115,276956,0
4116,277024,0
4117,277091,0
4118,277159,0
4119,277226,0
4120,277293,0
4121,277360,0
4122,277428,0
4123,277495,0
4124,277562,0
4125,277630,0
4126,277697,0
4127,277765,0
4128,277832,0
4129,277898,0
4130,277966,0
4131,278034,0
4132,278101,0
4133,278168,0
4134,278236,0
4135,278303,0
4136,278371,0
4137,278438,0
4138,278504,0
4139,278572,0
4140,278640,0
4141,278707,0
4142,278774,0
4143,278842,0
4144,278909,0
4145,278976,0
4146,279044,0
4147,279111,0
4148,279178,0
4149,279245,0
4150,279313,0
4151,279380,0
4152,279447,0
4153,279515,0
4154,279582,0
4155,279649,0
4156,279716,0
4157,279784,0
4158,279851,0
4159,279918,0
4160,279986,0
4161,280053,0
4162,280120,0
4163,280188,0
4164,280254,0
4165,280322,0
4166,280389,0
4167,280457,0
4168,280523,0
4169,280592,0
4170,280659,0
4171,280726,0
4172,280793,0
4173,280861,0
4174,280928,0
4175,280995,0
4176,281063,0
4177,281130,0
4178,281198,0
4179,281264,0
4180,281332,0
4181,281399,0
4182,281466,0
4183,281534,0
4184,281601,0
4185,281668,0
4186,281736,0
4187,281803,0
4188,281871,0
4189,281938,0
4190,282005,0
4191,282072,0
4192,282140,0
4193,282207,0
4194,282274,0
4195,282341,0
4196,282409,0
4197,282476,0
4198,282543,0
4199,282611,0
4200,282678,0
4201,282745,0
4202,282813,0
4203,282880,0
4204,282947,0
4205,283014,0
4206,283083,0
4207,283149,0
4208,283216,0
4209,283284,0
4210,283351,0
4211,283418,0
4212,283486,0
4213,283553,0
4214,283620,0
4215,283688,0
4216,283755,0
4217,283822,0
4218,283890,0
4219,283957,0
4220,284024,0
4221,284092,0
4222,284159,0
4223,284225,0
4224,284293,0
4225,284360,0
4226,284428,0
4227,284495,0
4228,284563,0
4229,284630,0
4230,284697,0
4231,284765,0
4232,284832,0
4233,284901,0
4234,284967,0
4235,285034,0
4236,285101,0
4237,285169,0
4238,285235,0
4239,285303,0
4240,285370,0
4241,285437,0
4242,285505,0
4243,285572,0
4244,285639,0
4245,285707,0
4246,285775,0
4247,285841,0
4248,285909,0
4249,285976,0
4250,286043,0
4251,286111,0
4252,286178,0
4253,286245,0
4254,286313,0
4255,286380,0
4256,286447,0
4257,286515,0
4258,286582,0
4259,286649,0
4260,286716,0
4261,286784,0
4262,286851,0
4263,286918,0
4264,286986,0
4265,287053,0
4266,287121,0
4267,287187,0
4268,287255,0
4269,287323,0
4270,287390,0
4271,287457,0
4272,287525,0
4273,287592,0
4274,287659,0
4275,287726,0
4276,287793,0
4277,287861,0
4278,287928,0
4279,287995,0
4280,288063,0
4281,288131,0
4282,288197,0
4283,288265,0
4284,288332,0
4285,288399,0
4286,288467,0
4287,288534,0
4288,288601,0
4289,288669,0
4290,288736,0
4291,288803,0
4292,288870,0
4293,288938,0
4294,289005,0
4295,289072,0
4296,289140,0
4297,289207,0
4298,289275,0
4299,289342,0
4300,289409,0
4301,289477,0
4302,289543,0
4303,289610,0
4304,289678,0
4305,289745,0
4306,289812,0
4307,289880,0
4308,289949,0
4309,290014,0
4310,290082,0
4311,290149,0
4312,290216,0
4313,290284,0
4314,290352,0
4315,290418,0
4316,290486,0
4317,290554,0
4318,290620,0
4319,290688,0
4320,290755,0
4321,290822,0
4322,290890,0
4323,290957,0
4324,291025,0
4325,291091,0
4326,291159,0
4327,291227,0
4328,291294,0
4329,291361,0
4330,291428,0
4331,291496,0
4332,291563,0
4333,291630,0
4334,291698,0
4335,291765,0
4336,291832,0
4337,291899,0
4338,291967,0
4339,292034,0
4340,292101,0
4341,292169,0
4342,292236,0
4343,292304,0
4344,292371,0
4345,292438,0
4346,292506,0
4347,292573,0
4348,292640,0
4349,292707,0
4350,292775,0
4351,292842,0
4352,292909,0
4353,292977,0
4354,293043,0
4355,293110,0
4356,293178,0
4357,293246,0
4358,293313,0
4359,293380,0
4360,293447,0
4361,293514,0
4362,293582,0
4363,293649,0
4364,293717,0
4365,293784,0
4366,293852,0
4367,293918,0
4368,293986,0
4369,294054,0
4370,294121,0
4371,294188,0
4372,294255,0
4373,294323,0
4374,294390,0
4375,294457,0
4376,294524,0
4377,294591,0
4378,294659,0
4379,294726,0
4380,294793,0
4381,294861,0
4382,294928,0
4383,294996,0
4384,295063,0
4385,295130,0
4386,295198,0
4387,295265,0
4388,295332,0
4389,295400,0
4390,295467,0
4391,295534,0
4392,295601,0
4393,295669,0
4394,295736,0
4395,295804,0
4396,295871,0
4397,295938,0
4398,296005,0
4399,296072,0
4400,296140,0
4401,296207,0
4402,296275,0
4403,296341,0
4404,296409,0
4405,296476,0
4406,296544,0
4407,296611,0
4408,296678,0
4409,296746,0
4410,296813,0
4411,296881,0
4412,296948,0
4413,297015,0
4414,297083,0
4415,297150,0
4416,297217,0
4417,297284,0
4418,297351,0
4419,297418,0
4420,297486,0
4421,297554,0
4422,297620,0
4423,297687,0
4424,297755,0
4425,297823,0
4426,297889,0
4427,297957,0
4428,298024,0
4429,298092,0
4430,298158,0
4431,298227,0
4432,298294,0
4433,298362,0
4434,298428,0
4435,298496,0
4436,298563,0
4437,298631,0
4438,298698,0
4439,298765,0
4440,298832,0
4441,298899,0
4442,298967,0
4443,299034,0
4444,299101,0
4445,299169,0
4446,299236,0
4447,299304,0
4448,299371,0
4449,299438,0
4450,299506,0
4451,299573,0
4452,299640,0
4453,299708,0
4454,299775,0
4455,299842,0
4456,299909,0
4457,299976,0
4458,300045,0
4459,300111,0
4460,300179,0
4461,300245,0
4462,300313,0
4463,300380,0
4464,300447,0
4465,300515,0
4466,300583,0
4467,300650,0
4468,300717,0
4469,300784,0
4470,300852,0
4471,300919,0
4472,300986,0
4473,301054,0
4474,301121,0
4475,301188,0
4476,301256,0
4477,301323,0
4478,301390,0
4479,301457,0
4480,301524,0
4481,301592,0
4482,301659,0
4483,301727,0
4484,301795,0
4485,301862,0
4486,301928,0
4487,301996,0
4488,302063,0
4489,302130,0
4490,302198,0
4491,302265,0
4492,302332,0
4493,302399,0
4494,302467,0
4495,302534,0
4496,302601,0
4497,302669,0
4498,302736,0
4499,302803,0
4500,302871,0
4501,302938,0
4502,303005,0
4503,303072,0
4504,303140,0
4505,303207,0
4506,303274,0
4507,303342,0
4508,303410,0
4509,303477,0
4510,303544,0
4511,303611,0
4512,303678,0
4513,303746,0
4514,303813,0
4515,303881,0
4516,303948,0
4517,304015,0
4518,304083,0
4519,304150,0
4520,304217,0
4521,304285,0
4522,304352,0
4523,304419,0
4524,304486,0
4525,304553,0
4526,304621,0
4527,304688,0
4528,304756,0
4529,304822,0
4530,304890,0
4531,304957,0
4532,305025,0
4533,305092,0
4534,305160,0
4535,305226,0
4536,305294,0
4537,305361,0
4538,305429,0
4539,305496,0
4540,305563,0
4541,305631,0
4542,305698,0
4543,305765,0
4544,305832,0
4545,305900,0
4546,305967,0
4547,306034,0
4548,306102,0
4549,306169,0
4550,306236,0
4551,306303,0
4552,306371,0
4553,306439,0
4554,306506,0
4555,306573,0
4556,306640,0
4557,306708,0
4558,306775,0
4559,306844,0
4560,306913,0
4561,306979,0
4562,307045,0
4563,307112,0
4564,307183,0
4565,307249,0
4566,307316,0
4567,307383,0
4568,307450,0
4569,307516,0
4570,307583,0
4571,307650,0
4572,307718,0
4573,307784,0
4574,307851,0
4575,307922,0
4576,307987,0
4577,308054,0
4578,308125,0
4579,308192,0
4580,308259,0
4581,308325,0
4582,308391,0
4583,308458,0
4584,308525,0
4585,308592,0
4586,308660,0
4587,308726,0
4588,308793,0
4589,308861,0
4590,308929,0
4591,308995,0
4592,309063,0
4593,309130,0
4594,309198,0
4595,309265,0
4596,309333,0
4597,309400,0
4598,309467,0
4599,309534,0
4600,309602,0
4601,309669,0
4602,309736,0
4603,309804,0
4604,309871,0
4605,309938,0
4606,310006,0
4607,310078,0
4608,310145,0
4609,310212,0
4610,310279,0
4611,310342,0
4612,310409,0
4613,310477,0
4614,310544,0
4615,310612,0
4616,310679,0
4617,310747,0
4618,310814,0
4619,310883,0
4620,310949,0
4621,311016,0
4622,311084,0
4623,311151,0
4624,311218,0
4625,311285,0
4626,311351,0
4627,311420,0
4628,311487,0
4629,311554,0
4630,311622,0
4631,311689,0
4632,311757,0
4633,311824,0
4634,311892,0
4635,311958,0
4636,312025,0
4637,312093,0
4638,312163,0
4639,312232,0
4640,312299,0
4641,312366,0
4642,312430,0
4643,312496,0
4644,312563,0
4645,312631,0
4646,312698,0
4647,312765,0
4648,312832,0
4649,312900,0
4650,312967,0
4651,313035,0
4652,313102,0
4653,313169,0
4654,313237,0
4655,313304,0
4656,313370,0
4657,313439,0
4658,313505,0
4659,313573,0
4660,313640,0
4661,313707,0
4662,313774,0
4663,313842,0
4664,313909,0
4665,313977,0
4666,314044,0
4667,314111,0
4668,314179,0
4669,314246,0
4670,314313,0
4671,314381,0
4672,314448,0
4673,314515,0
4674,314583,0
4675,314650,0
4676,314717,0
